idx,file_off,date,f1,f2_hi,f2_lo,f3,f4,f5,f6,f7,f8
0,0x12a72fd,2021-08-16,1,16835,65535,10233,63308,5652565,69222715,0,7366
1,0x12a7321,2021-08-16,0,50627,65535,17988,107077,65536524,4294967295,1,0
2,0x12a7345,2021-08-16,0,24748,65535,9303,34704,3424537,6652190,0,4176
3,0x12a7369,2021-08-16,0,21456,65535,7783,38794,38748592,4294967295,1,0
4,0x12a738d,2021-08-16,0,42143,65535,1321,32764,1917012,5455910,0,35565
5,0x12a73b1,2021-08-17,0,43186,65535,4188,375602,1917012,20480128,0,10020
6,0x12a73d5,2021-08-17,0,43782,2,2321,118535,69288255,3539013,0,78584
7,0x12a73f9,2021-08-17,0,53584,65535,2153,113908,31440932,21758015,0,100000
8,0x12a741d,2021-08-18,0,56727,65535,3693432933,132023,1933402,38486189,0,100000
9,0x12a7441,2021-08-18,0,28353,65535,10243,100165,20496856,4294967295,1,0
10,0x12a7465,2021-08-18,0,30497,65535,3693431494,36782,26132756,4294967295,1,0
11,0x12a7489,2021-08-18,0,57572,65535,188,42666,3047446,6258693,0,35526
12,0x12a74ad,2021-08-19,0,32784,65535,1581,63283,3047446,5931054,0,10560
13,0x12a74d1,2021-08-19,1,24576,65535,2735,127801,2015265,1900625,0,16249
14,0x12a74f5,2021-08-19,0,38769,65535,3769,4526,2015265,29556851,0,5062
15,0x12a7519,2021-08-19,0,41769,65535,12091,103506,3145837,2130293,0,28399
16,0x12a753d,2021-08-19,0,36224,65535,3844,41206,2244739,31621237,0,11225
17,0x12a7561,2021-08-19,0,28816,65535,1643,43046,44122687,4294967295,1,0
18,0x12a7585,2021-08-19,0,39424,65535,3693431521,38683,88555979,4294967295,1,0
19,0x12a75a9,2021-08-19,0,33000,65535,7985,101107,84722076,6340855,0,26054
20,0x12a75cd,2021-08-19,0,21744,65535,1773,41020,1703944,4309044,0,7693
21,0x12a75f1,2021-08-20,1,36864,65535,12072,9317,1703944,2130293,0,27776
22,0x12a7615,2021-08-20,0,29406,65535,898,114903,3489856,5292058,0,135131
23,0x12a7639,2021-08-20,0,60050,65535,5515,46648,1076232407,4294967295,1,0
24,0x12a765d,2021-08-20,0,9402,65535,3693431985,103977,2949403,4294967295,1,0
25,0x12a7681,2021-08-20,0,41134,65535,4171,322961,86852082,4294967295,1,0
26,0x12a76a5,2021-08-20,0,35991,65535,8047,110472,5242903,3129443,0,44594
27,0x12a76c9,2021-08-21,0,6112,65535,126,9043,6176770,6193155,0,4608
28,0x12a76ed,2021-08-21,0,8591,65535,3134,104259,38584499,4112478,0,32047
29,0x12a7711,2021-08-21,0,53515,65535,121,124840,1753089,6193155,0,289714
30,0x12a7735,2021-08-22,0,36773,65535,7662,115227,68714510,66699502,0,300000
31,0x12a7759,2021-08-22,0,10402,65535,15628,47543,1835075,1933402,0,59199
32,0x12a777d,2021-08-22,0,17281,65535,12258,45668,4227113,32686458,0,18680
33,0x12a77a1,2021-08-23,0,41937,65535,8455,143071,6258693,5849349,0,184798
34,0x12a77c5,2021-08-24,0,4835,65535,4360,7507,20447357,20562054,0,18999
35,0x12a77e9,2021-08-24,0,37255,65535,8143,117931,4407621,3129443,0,12770
36,0x12a780d,2021-08-24,0,31664,65535,600,110404,3555398,6537233,0,13184
37,0x12a7831,2021-08-24,0,1860,65535,8858,107543,38453419,32342128,0,10114
38,0x12a7855,2021-08-25,0,51127,65535,15370,42499,3932195,2195943,0,13000
39,0x12a7879,2021-08-25,0,61867,65535,2733,114333,1638412,1900625,0,553332
40,0x12a789d,2021-08-26,1,36307,65535,5101,47834,3391503,2261147,0,57798
41,0x12a78c1,2021-08-26,0,35848,65535,85,116543,37650597,6176770,0,131709
42,0x12a78e5,2021-08-26,0,51646,65535,1841,42479,37650597,3178550,0,47391
43,0x12a7909,2021-08-26,0,58193,65535,867,42588,3178550,5357600,0,54303
44,0x12a792d,2021-08-26,0,43007,65535,1383,47241,3178550,67911720,0,25652
45,0x12a7951,2021-08-26,0,40688,65535,5523,114191,3178550,3014823,0,209035
46,0x12a7975,2021-08-26,0,34965,65535,2486,47244,3833876,1867850,0,100000
47,0x12a7999,2021-08-27,0,11956,65535,1924,100051,27951459,4358200,0,10400
48,0x12a79bd,2021-08-27,0,35994,65535,4221,106631,27951459,20447357,0,13200
49,0x12a79e1,2021-08-27,0,62591,65535,8706,131609,5357600,4243725,0,41228
50,0x12a7a05,2021-08-28,0,64658,65535,5720,107906,5357600,38486189,0,408793
51,0x12a7a29,2021-08-28,0,43148,65535,1830,9567,2048034,3178550,0,13000
52,0x12a7a4d,2021-08-28,0,46576,65535,1801,46649,38486189,4341813,0,35532
53,0x12a7a71,2021-08-28,0,32255,65535,522,33700,6258693,2899974,0,40894
54,0x12a7a95,2021-08-28,0,24780,65535,8704,63399,3407891,4243725,0,31655
55,0x12a7ab9,2021-08-29,0,45713,65535,1734,118968,4243725,1785906,0,0
56,0x12a7add,2021-08-30,1,35954,65535,4542,47835,81838222,44548235,0,1338
57,0x12a7b01,2021-08-30,0,52381,65535,1511,106987,5947657,5914668,0,5051
58,0x12a7b25,2021-08-30,0,45760,65535,1109,36703,2834443,5357600,0,64207
59,0x12a7b49,2021-08-31,0,3769,65535,1721,118977,2834443,1785906,0,553333
60,0x12a7b6d,2021-08-31,0,43665,65535,8717,45288,1900625,4243725,0,15600
61,0x12a7b91,2021-08-31,0,62498,65535,5728,113281,1867850,38486189,0,157999
62,0x12a7bb5,2021-08-31,0,29505,65535,3198,108991,1720338,5357600,0,3962
63,0x12a7bd9,2021-08-31,1,6961,65535,1834,118472,4227113,1769517,0,14023
64,0x12a7bfd,2021-08-31,0,33696,65535,8056,103366,6340855,6373625,0,6500
65,0x12a7c21,2021-08-31,0,60225,65535,536,8574,1785906,2932752,0,108000
66,0x12a7c45,2021-08-31,0,37349,65535,1027,109943,1785906,1949726,0,169000
67,0x12a7c69,2021-08-31,1,26779,65535,1567,122908,3178550,1769517,0,41194
68,0x12a7c8d,2021-08-31,0,61328,65535,8812,108075,1802295,4341813,0,8516
69,0x12a7cb1,2021-08-31,0,45383,65535,3301,104479,3522628,3489856,0,24830
70,0x12a7cd5,2021-08-31,0,16428,65535,2184,113379,1851465,3489856,0,105349
71,0x12a7cf9,2021-08-31,0,16763,65535,11941,42343,1851465,4294967295,1,0
72,0x12a7d1d,2021-08-31,0,61827,65535,1451,103470,67911720,1802295,0,10361
73,0x12a7d41,2021-08-31,0,16400,65535,1125,43079,2097328,5357600,0,36000
74,0x12a7d65,2021-08-31,0,47291,65535,1205,114909,1769517,2048034,0,599267
75,0x12a7d89,2021-08-31,1,52048,65535,34,133551,2916359,1654784,0,36382
76,0x12a7dad,2021-08-31,1,53539,65535,12393,59933,85262717,87720318,0,1282
77,0x12a7dd1,2021-08-31,0,41129,65535,3693431839,60966,85262717,4294967295,1,0
78,0x12a7df5,2021-08-31,0,53308,65535,7745,100550,3293420,28836080,0,23323
79,0x12a7e19,2021-08-31,0,47426,65535,1387,100061,3571788,67911720,0,8558
80,0x12a7e3d,2021-08-31,0,37192,65535,17536,1073798919,38518959,1098138164,0,16053
81,0x12a7e61,2021-08-31,0,28844,65535,3110,126097,38518959,4096093,0,60903
82,0x12a7e85,2021-08-31,1,62138,65535,127,35086,38469804,6193155,0,17797
83,0x12a7ea9,2021-08-31,0,40224,65535,15861,42605,38469804,20185594,0,48230
84,0x12a7ecd,2021-08-31,0,16240,65535,7774,47640,6062359,6209777,0,33916
85,0x12a7ef1,2021-08-31,0,41136,65535,17519,1073780196,40730813,1095844403,0,56833
86,0x12a7f15,2021-08-31,0,49386,65535,163,38627,1835075,1671172,0,34146
87,0x12a7f39,2021-08-31,0,27800,65535,15462,130355,38568114,3260906,0,40030
88,0x12a7f5d,2021-08-31,0,5792,65535,15334,40513,38568114,19710438,0,46736
89,0x12a7f81,2021-08-31,1,43056,65535,13555,131754,29639039,2146727,0,25375
90,0x12a7fa5,2021-08-31,0,53195,65535,3693432033,107008,29639039,4309044,0,4400
91,0x12a7fc9,2021-08-31,1,30737,65535,13923,41109,29786546,30015924,0,1466
92,0x12a7fed,2021-08-31,1,42881,65535,1546,138298,4341813,1769517,0,33464
93,0x12a8011,2021-08-31,0,49272,65535,953,983,5357600,1966108,0,7000
94,0x12a8035,2021-08-31,0,16481,65535,3613,132757,4309044,32424046,0,10400
95,0x12a8059,2021-08-31,1,50315,65535,8080,117739,71483637,68681978,0,1360
96,0x12a807d,2021-08-31,0,33936,65535,3296,59817,70828132,4294967295,1,0
97,0x12a80a1,2021-08-31,0,30344,65535,8502,131362,39207172,72007943,0,3191
98,0x12a80c5,2021-08-31,0,4386,65535,18610,303458,3178550,4294967295,1,0
99,0x12a80e9,2021-09-02,2877358079,65535,65535,4294967295,4294967295,65535,2063728639,4294967295,4294967295
