reg_index,db_id
17,104710
82,142353
87,46850
142,113441
143,39173
145,104677
146,35876
147,110079
148,59458
149,43135
151,112104
152,116652
153,47242
154,45076
157,59993
158,101334
161,47002
174,40704
177,40125
185,47238
187,60430
202,47286
213,101870
231,59966
247,42825
249,103551
256,104722
266,34002
274,121962
300,9042
302,117886
303,112084
306,59801
307,114961
308,114036
312,100140
313,46819
316,35499
317,42805
319,46642
320,100809
321,114855
322,116230
325,35505
335,63474
336,126078
338,113405
339,101028
340,63607
341,41126
342,36288
343,57123
344,57304
345,105029
347,41135
348,44840
349,104337
350,124270
352,40295
353,45126
354,100871
355,40422
356,108233
363,133743
366,132382
369,135549
371,113409
372,46815
374,111800
375,41119
376,113340
377,31052
378,44379
379,114808
380,61725
381,45268
382,108200
384,47522
385,59766
386,126337
387,47787
388,60443
389,110815
391,126510
392,104226
393,116751
394,33702
396,141479
397,142290
403,40571
405,109123
406,114876
407,47070
408,116605
409,45023
410,60512
411,126300
412,110638
414,111450
415,109329
416,110555
417,47727
421,36766
422,107941
423,110947
425,47711
429,42352
431,134467
433,145619
436,107142
480,34657
514,16800
525,114147
536,8574
537,104612
538,38796
539,43166
540,112523
541,59547
542,107691
543,104735
544,43063
545,106593
546,47287
548,47431
550,40989
551,45134
552,37035
553,108751
554,114053
555,40716
556,42898
558,126149
563,135069
564,126597
566,140042
577,116229
594,36396
610,108959
641,104204
653,135067
668,103300
669,111280
670,47128
671,110650
672,46866
673,111138
674,119695
675,101725
676,107498
677,109252
678,60060
679,60466
682,103411
685,61720
686,101221
687,107800
688,42888
689,44636
695,141688
697,141861
698,112079
701,42647
709,126234
732,45090
739,114766
744,47006
787,47007
795,133002
825,133206
832,125652
839,108669
842,38366
843,108206
845,63667
847,111486
853,104745
854,143262
855,47335
858,113979
859,39550
863,45071
864,112583
867,42588
876,38499
878,100428
889,112098
898,114903
906,118167
909,40204
942,40937
943,114105
944,8851
945,40631
946,43985
948,47051
949,123721
950,114235
951,47179
952,43094
955,33079
956,126807
958,105297
959,106614
962,100117
963,4522
968,141470
974,38082
977,133094
981,61089
983,107641
984,35548
985,35878
987,100112
988,111852
989,43277
990,60068
994,44676
995,61397
998,63457
999,109375
1001,104673
1003,41066
1006,37114
1008,114440
1010,141473
1012,124281
1015,141040
1016,103136
1019,131960
1021,8978
1035,111174
1038,47396
1040,38439
1043,40122
1058,108279
1060,113065
1067,101097
1071,47190
1073,118136
1076,109137
1080,36817
1094,60851
1095,2586
1106,46235
1107,47374
1109,36703
1113,116254
1123,60508
1124,102757
1141,134514
1144,39324
1185,108096
1190,37638
1195,117991
1205,114909
1214,38062
1227,60563
1233,58594
1242,107949
1249,59548
1250,133239
1294,39161
1321,32764
1331,100607
1343,110900
1352,60241
1383,47241
1389,103373
1395,60687
1465,103839
1485,34850
1486,127656
1493,114299
1539,43202
1540,108662
1541,132544
1543,132153
1544,121314
1545,38568
1546,138298
1547,126673
1548,42316
1549,110626
1550,61672
1551,8639
1552,45330
1553,104418
1554,42892
1555,40425
1556,37422
1557,42641
1558,133157
1559,7511
1560,133215
1561,60622
1564,132535
1565,114661
1567,122908
1574,112061
1577,116575
1579,107854
1613,119139
1619,60760
1642,118614
1701,44383
1703,43076
1706,42669
1707,113911
1708,34098
1709,103420
1710,117047
1711,8944
1713,7329
1714,42874
1715,57353
1717,107889
1718,36770
1719,42556
1721,118977
1722,36998
1727,128133
1729,141417
1735,44104
1736,46240
1739,109997
1740,41082
1741,103008
1742,63497
1745,34881
1747,43288
1748,40856
1749,114523
1751,43075
1755,126336
1760,142362
1797,45383
1798,110784
1800,58829
1801,46649
1802,40429
1803,103656
1804,45334
1805,45267
1806,45255
1807,114238
1808,57133
1810,42872
1812,7327
1814,36625
1815,47261
1816,42630
1818,101071
1822,103268
1824,103317
1825,138062
1827,125013
1828,138015
1831,42868
1835,104324
1838,119816
1839,59838
1840,102742
1842,46466
1843,63592
1844,42869
1845,101617
1846,60627
1848,41100
1850,118765
1851,127659
1860,38655
1867,125761
1871,107674
1874,38843
1875,128434
1879,128258
1912,101121
1924,100051
1942,110596
1951,127150
1952,60534
1980,46666
2014,38779
2033,114381
2078,60437
2121,115246
2165,125402
2166,123160
2168,118650
2170,110578
2172,124839
2173,34862
2176,34799
2178,132547
2182,113843
2183,133095
2189,143197
2315,110696
2321,118535
2345,126724
2362,108421
2409,112441
2413,40990
2415,103293
2416,104271
2417,101234
2418,126567
2420,102695
2421,114064
2422,111804
2423,46879
2428,45299
2432,133653
2441,144091
2442,37026
2443,44609
2444,122697
2445,125039
2446,116691
2447,114880
2448,113929
2450,34611
2451,58653
2452,47814
2458,104277
2461,46487
2471,143247
2477,143138
2480,45993
2481,103206
2482,126284
2483,61142
2485,40456
2486,47244
2487,37106
2488,40352
2489,110718
2490,104105
2491,113284
2492,47011
2493,44946
2495,45356
2496,42575
2497,46003
2498,45946
2499,43262
2500,46637
2503,141422
2506,138481
2507,57207
2509,140588
2512,139797
2546,47195
2586,108474
2613,105074
2650,109260
2658,46996
2723,42378
2729,41596
2733,114333
2734,110577
2737,104804
2740,38797
2750,114604
2784,45788
2785,44844
2786,104811
2787,45396
2788,44843
2789,138628
2790,110852
2791,44729
2792,125368
2798,44834
2799,104739
2800,111157
2806,42606
2808,121107
2817,111130
2819,111073
2820,118038
2821,46941
2823,40870
2825,44849
2826,120102
2827,43450
2830,59847
2832,118648
2833,57284
2835,100989
2836,42404
2839,135410
2875,115659
2996,117410
2997,118613
2998,40392
3000,140209
3003,43040
3005,122012
3006,44043
3007,46650
3009,132791
3010,111986
3011,141186
3012,106403
3014,60924
3015,118731
3017,117932
3021,143133
3023,114680
3025,132595
3026,140036
3028,141468
3176,116252
3208,47678
3209,122092
3217,133131
3267,111172
3268,40725
3269,110681
3270,131947
3271,100393
3272,35189
3273,63702
3275,115356
3276,133301
3277,41063
3279,34905
3281,101058
3282,113296
3283,42348
3284,118061
3285,60391
3286,61451
3287,124553
3288,134044
3293,44181
3297,118214
3299,61402
3313,111168
3580,9133
3583,115929
3584,44171
3585,110925
3586,63495
3588,105950
3591,63718
3592,102337
3594,109629
3596,42721
3600,107469
3605,59806
3607,125660
3612,44936
3668,109380
3669,145617
3671,60729
3672,132760
3673,108245
3677,60738
3680,38247
3681,113528
3683,63765
3684,109350
3685,37505
3686,140846
3687,117929
3690,116577
3691,103064
3701,141722
3703,103155
3705,141885
3708,44965
3714,118444
3716,60796
3718,132754
3719,138484
3721,47542
3725,132756
3726,132573
3729,40669
3735,115932
3897,101116
3903,121402
4150,130112
4208,46343
4221,106631
4600,41555
4607,105633
4668,115068
4722,47843
4874,114366
5096,110520
5360,33185
5361,40350
5363,104752
5364,129961
5365,109005
5366,41124
5367,60446
5368,60884
5370,40002
5371,113283
5372,116136
5376,114226
5377,60906
5379,102901
5390,132524
5398,134868
5503,109343
5507,46864
5514,111490
5516,43074
5523,114191
5527,44776
5531,47162
5580,54370
5584,53783
5602,101883
5613,54682
5615,54683
5616,54693
5622,54700
5625,118193
5630,54699
5631,54702
5632,54701
5637,46564
5639,39730
5640,108218
5668,61442
5697,45368
5706,54058
5707,54059
5708,54060
5709,54071
5710,54062
5711,54063
5712,54064
5713,54065
5714,54066
5715,38784
5718,54070
5722,101872
5724,117766
5726,102526
5727,116647
5728,113281
5794,60763
5804,44857
5805,46842
5816,111452
5822,54785
5823,54775
5824,54776
5826,54787
5829,54780
5830,54781
5832,37827
5835,46825
5837,133543
5838,63916
5839,118007
5842,59835
5843,132933
5845,109124
5847,46647
5874,104794
5896,103142
6035,107224
6093,100509
7501,140383
7783,38794
7833,132189
8044,124360
8330,114201
8448,110851
8451,114331
8512,39230
8601,119860
8658,127297
8842,100219
8850,118272
8861,112022
8914,125882
9087,42654
9146,104413
9563,120548
9624,101215
9797,121361
9935,116486
10310,116785
10315,110462
10320,63106
10339,134891
10342,106735
10347,119747
10349,103407
10357,116996
10363,129493
10364,45193
10427,118940
10469,65264
10542,133177
10543,59741
10549,134934
10558,126302
10571,126752
10572,142662
10573,117505
10574,120240
10575,118883
10576,134902
10577,119703
10578,107541
10579,121860
10580,107849
10581,120455
10583,119922
10587,119533
10675,119443
10754,136605
10783,112398
10847,119447
10849,104754
10850,37470
10851,60912
10852,47061
10855,116249
10856,108980
10860,63302
10861,15965
10862,102019
10863,123358
10870,102383
10871,141959
10872,44720
10873,119570
10875,139840
10876,143552
10878,119512
10879,119514
10881,100697
10883,138459
10884,103393
10891,117073
10893,105062
10894,134985
10895,138458
10896,117993
10897,119576
10899,46836
10904,119508
10910,127313
10911,126544
11026,47207
11037,5778
11038,126405
11039,43589
11040,43784
11043,143368
11044,122040
11045,132593
11046,38947
11047,113236
11048,104825
11049,43590
11050,100386
11051,127703
11053,39414
11054,122258
11055,118494
11056,120927
11058,134879
11059,143456
11063,114552
11102,122184
11129,122111
11131,122043
11134,100526
11136,116226
11137,41000
11139,47633
11141,107847
11142,122119
11143,103515
11144,39382
11146,46859
11147,122121
11148,122127
11150,100992
11151,126560
11154,122123
11168,37481
11169,35509
11171,128962
11173,131290
11175,44659
11177,102682
11182,115061
11185,40936
11188,122060
11194,143455
11195,40911
11206,117463
11244,111185
11299,116397
11311,61130
11452,139766
11453,61426
11454,30199
11455,117834
11456,105053
11457,123623
11459,116363
11460,36256
11462,38346
11463,40838
11464,139768
11465,46917
11466,126148
11468,139771
11469,135977
11470,101120
11471,61035
11473,117489
11476,139767
11477,139770
11478,47784
11480,115179
11481,139773
11484,143371
11486,139774
11487,61702
11488,46604
11489,110790
11491,60510
11493,36847
11495,119693
11498,123117
11499,113788
11501,123830
11502,126064
11504,42422
11506,101876
11507,36848
11508,38400
11509,117791
11512,126194
11513,143417
11514,140767
11515,126198
11518,125976
11588,122925
11624,46539
11649,119523
11651,103701
11652,128218
11653,57128
11655,119670
11656,125819
11658,38184
11659,127307
11660,113900
11662,119517
11664,133356
11665,61722
11666,109212
11667,123988
11672,132574
11680,127186
11744,119673
11745,119661
11746,119611
11748,102531
11751,119655
11753,117803
11757,107096
11759,126202
11761,119594
11762,35076
11771,140487
11888,32339
11919,45953
11938,43540
11951,141063
11954,44687
12013,121193
12019,59973
12033,123592
12039,58617
12060,121006
12065,36727
12066,34882
12067,108051
12068,61693
12069,109854
12070,124824
12071,120983
12074,126335
12078,46860
12081,121079
12083,121060
12085,140230
12086,31044
12090,130449
12193,102339
12195,117873
12196,105014
12198,104687
12199,118568
12200,46731
12202,118084
12210,118288
12212,120982
12213,131556
12214,141519
12215,142358
12221,141879
12224,37225
12229,107100
12230,116431
12232,42552
12233,133358
12234,61073
12242,57340
12243,58645
12244,101527
12251,111092
12252,38590
12254,46179
12262,103403
12267,121366
12339,112096
12379,112118
12387,122782
12432,121088
12433,101018
12434,107255
12437,59657
12440,126834
12441,121086
12442,117884
12445,121090
12448,139968
12449,108472
12450,132027
12451,112085
12460,127832
12463,44943
13188,114080
13218,58641
13285,123624
13528,141607
13633,102855
13635,121526
13637,121527
13638,59796
13639,103659
13640,109328
13641,124727
13643,125793
13644,103134
13647,121533
13648,121469
13649,123919
13651,47417
13652,121563
13653,121524
13654,121455
13656,108102
13743,4949
13745,111149
13747,124330
13749,113792
13750,106409
13752,108924
13753,111355
13755,128457
13756,101845
13759,126768
13761,121434
13764,111428
13768,135102
13803,33755
13804,123989
13805,131493
13809,121546
13810,121542
13813,103276
13816,121551
13817,121543
13820,123990
13824,123992
13828,132428
13829,132556
13900,125037
13968,120424
13970,42540
13971,44264
13973,120387
13974,119820
13975,116669
13976,122035
13977,47550
13978,45947
13981,120414
13982,41106
13985,47163
13988,126767
13990,141791
13991,144649
13992,135958
14028,104289
14029,107212
14030,104784
14031,113240
14032,120808
14035,120452
14036,124356
14037,114111
14040,46652
14043,113449
14044,124957
14046,123547
14054,123556
14056,143351
14059,133702
14060,128108
14174,140327
14178,35321
14180,112340
14183,131458
14185,118533
14187,142781
14189,125750
14194,123536
14195,126155
14198,37082
14199,139894
14201,140328
15283,57031
15295,130235
15297,130137
15322,113596
15326,132192
15327,141911
15329,129123
15335,114465
15336,100354
15338,107143
15339,42460
15343,100412
15344,60565
15347,141551
15348,134834
15352,132516
15353,126120
15357,128376
15358,141553
15379,107412
15606,60709
15607,109345
15608,37403
15611,59813
15612,116236
15613,129221
15614,127662
15615,41889
15618,36358
15619,38645
15623,34805
15624,46599
15626,118689
15631,118102
15634,141166
15639,107271
15678,37021
15697,118304
15698,44912
15700,133068
15701,139802
15710,111166
15712,140023
15713,109934
15714,15320
15715,119809
15716,138560
15718,116276
15721,112156
15722,116366
15723,57312
15725,42624
15726,140902
15727,103819
15849,115528
15850,116375
15851,111808
15852,103327
15853,111200
15854,140862
15855,129021
15856,128441
15857,106629
15859,34431
15862,44105
15864,140049
15865,42602
15866,129022
15869,127322
15870,141204
15872,117856
15874,112076
15876,135071
15877,141044
15879,108807
15903,121342
15904,121343
15907,135952
15909,127040
15911,111039
15915,132331
15918,117424
15920,123125
15921,46694
15922,140046
15929,145634
15930,107926
15937,126110
16070,54833
17983,110903
17984,104749
18218,33799
18219,59912
18221,40284
18223,125394
18228,143825
18269,130320
18270,116258
18271,143788
18300,35191
18951,55282
