offset,cluster_count,kind,id
0x97734,9,even,11937
0x97734,9,even,11938
0x97734,9,even,11942
0x97734,9,even,11943
0x97734,9,even,11945
0x97734,9,odd,42271
0x97734,9,odd,43540
0x97734,9,odd,33962
0x97734,9,odd,43147
0xa6a7c,9,even,13052
0xa6a7c,9,even,13054
0xa6a7c,9,even,13056
0xa6a7c,9,even,13057
0xa6a7c,9,even,13059
0xa6a7c,9,odd,43786
0xa6a7c,9,odd,58465
0xa6a7c,9,odd,46833
0xa6a7c,9,odd,58629
0xa7e1c,9,even,13139
0xa7e1c,9,even,13140
0xa7e1c,9,even,13141
0xa7e1c,9,even,13142
0xa7e1c,9,even,13143
0xa7e1c,9,odd,40805
0xa7e1c,9,odd,59972
0xa7e1c,9,odd,10585
0xa7e1c,9,odd,42675
0xa9804,9,even,13249
0xa9804,9,even,13250
0xa9804,9,even,13251
0xa9804,9,even,13252
0xa9804,9,even,13253
0xa9804,9,odd,58455
0xa9804,9,odd,58447
0xa9804,9,odd,44608
0xa9804,9,odd,58445
0xaabc4,13,even,13341
0xaabc4,13,even,13342
0xaabc4,13,even,13343
0xaabc4,13,even,13344
0xaabc4,13,even,13345
0xaabc4,13,even,13346
0xaabc4,13,even,13347
0xaabc4,13,odd,46080
0xaabc4,13,odd,43434
0xaabc4,13,odd,39823
0xaabc4,13,odd,40752
0xaabc4,13,odd,43064
0xaabc4,13,odd,31899
0xc5004,9,even,15186
0xc5004,9,even,15187
0xc5004,9,even,15189
0xc5004,9,even,15190
0xc5004,9,even,15191
0xc5004,9,odd,46148
0xc5004,9,odd,46963
0xc5004,9,odd,38816
0xc5004,9,odd,58735
0xc69e4,23,even,15273
0xc69e4,23,even,15274
0xc69e4,23,even,15275
0xc69e4,23,even,15276
0xc69e4,23,even,15277
0xc69e4,23,even,15278
0xc69e4,23,even,15279
0xc69e4,23,even,15280
0xc69e4,23,even,15281
0xc69e4,23,even,15282
0xc69e4,23,even,15283
0xc69e4,23,even,15284
0xc69e4,23,odd,54764
0xc69e4,23,odd,54753
0xc69e4,23,odd,54754
0xc69e4,23,odd,54755
0xc69e4,23,odd,54769
0xc69e4,23,odd,54756
0xc69e4,23,odd,54757
0xc69e4,23,odd,54758
0xc69e4,23,odd,54760
0xc69e4,23,odd,54761
0xc69e4,23,odd,57031
0xc6a44,17,even,15286
0xc6a44,17,even,15287
0xc6a44,17,even,15288
0xc6a44,17,even,15289
0xc6a44,17,even,15290
0xc6a44,17,even,15291
0xc6a44,17,even,15292
0xc6a44,17,even,15294
0xc6a44,17,even,15295
0xc6a44,17,odd,54765
0xc6a44,17,odd,54767
0xc6a44,17,odd,54766
0xc6a44,17,odd,54768
0xc6a44,17,odd,54770
0xc6a44,17,odd,54771
0xc6a44,17,odd,59710
0xc6a44,17,odd,54773
0xc915c,29,even,15446
0xc915c,29,even,15447
0xc915c,29,even,15448
0xc915c,29,even,15449
0xc915c,29,even,15450
0xc915c,29,even,15451
0xc915c,29,even,15452
0xc915c,29,even,15453
0xc915c,29,even,15454
0xc915c,29,even,15455
0xc915c,29,even,15457
0xc915c,29,even,15458
0xc915c,29,even,15460
0xc915c,29,even,15461
0xc915c,29,even,15463
0xc915c,29,odd,55406
0xc915c,29,odd,55407
0xc915c,29,odd,55408
0xc915c,29,odd,55409
0xc915c,29,odd,55410
0xc915c,29,odd,55411
0xc915c,29,odd,55412
0xc915c,29,odd,55413
0xc915c,29,odd,55414
0xc915c,29,odd,55415
0xc915c,29,odd,55417
0xc915c,29,odd,55419
0xc915c,29,odd,55421
0xc915c,29,odd,55422
0xced1c,50,even,15799
0xced1c,50,even,15800
0xced1c,50,even,15801
0xced1c,50,even,15802
0xced1c,50,even,15803
0xced1c,50,even,15804
0xced1c,50,even,15805
0xced1c,50,even,15806
0xced1c,50,even,15807
0xced1c,50,even,15808
0xced1c,50,even,15809
0xced1c,50,even,15810
0xced1c,50,even,15811
0xced1c,50,even,15812
0xced1c,50,even,15813
0xced1c,50,even,15815
0xced1c,50,even,15816
0xced1c,50,even,15817
0xced1c,50,even,15818
0xced1c,50,even,15819
0xced1c,50,even,15820
0xced1c,50,even,15821
0xced1c,50,even,15822
0xced1c,50,even,15823
0xced1c,50,even,15824
0xced1c,50,odd,54440
0xced1c,50,odd,54430
0xced1c,50,odd,54431
0xced1c,50,odd,54444
0xced1c,50,odd,54442
0xced1c,50,odd,54434
0xced1c,50,odd,54433
0xced1c,50,odd,54435
0xced1c,50,odd,54436
0xced1c,50,odd,54450
0xced1c,50,odd,54438
0xced1c,50,odd,54429
0xced1c,50,odd,54432
0xced1c,50,odd,54441
0xced1c,50,odd,54443
0xced1c,50,odd,54446
0xced1c,50,odd,54447
0xced1c,50,odd,54448
0xced1c,50,odd,54449
0xced1c,50,odd,54437
0xced1c,50,odd,54451
0xced1c,50,odd,54763
0xced1c,50,odd,54762
0xced1c,50,odd,54076
0xced1c,50,odd,54681
0xd2ebc,35,even,16057
0xd2ebc,35,even,16058
0xd2ebc,35,even,16059
0xd2ebc,35,even,16060
0xd2ebc,35,even,16061
0xd2ebc,35,even,16062
0xd2ebc,35,even,16063
0xd2ebc,35,even,16064
0xd2ebc,35,even,16065
0xd2ebc,35,even,16066
0xd2ebc,35,even,16067
0xd2ebc,35,even,16069
0xd2ebc,35,even,16070
0xd2ebc,35,even,16071
0xd2ebc,35,even,16073
0xd2ebc,35,even,16074
0xd2ebc,35,even,16075
0xd2ebc,35,even,16077
0xd2ebc,35,odd,54832
0xd2ebc,35,odd,54821
0xd2ebc,35,odd,54822
0xd2ebc,35,odd,54823
0xd2ebc,35,odd,54824
0xd2ebc,35,odd,54825
0xd2ebc,35,odd,54826
0xd2ebc,35,odd,54828
0xd2ebc,35,odd,54840
0xd2ebc,35,odd,54829
0xd2ebc,35,odd,54830
0xd2ebc,35,odd,54831
0xd2ebc,35,odd,54833
0xd2ebc,35,odd,54834
0xd2ebc,35,odd,54836
0xd2ebc,35,odd,54837
0xd2ebc,35,odd,54827
0xd354c,45,even,16085
0xd354c,45,even,16086
0xd354c,45,even,16087
0xd354c,45,even,16088
0xd354c,45,even,16089
0xd354c,45,even,16090
0xd354c,45,even,16091
0xd354c,45,even,16092
0xd354c,45,even,16093
0xd354c,45,even,16094
0xd354c,45,even,16095
0xd354c,45,even,16097
0xd354c,45,even,16098
0xd354c,45,even,16099
0xd354c,45,even,16100
0xd354c,45,even,16101
0xd354c,45,even,16102
0xd354c,45,even,16103
0xd354c,45,even,16104
0xd354c,45,even,16105
0xd354c,45,even,16106
0xd354c,45,even,16107
0xd354c,45,even,16108
0xd354c,45,odd,54854
0xd354c,45,odd,54856
0xd354c,45,odd,54845
0xd354c,45,odd,54857
0xd354c,45,odd,54847
0xd354c,45,odd,54850
0xd354c,45,odd,54859
0xd354c,45,odd,54863
0xd354c,45,odd,54862
0xd354c,45,odd,54864
0xd354c,45,odd,54853
0xd354c,45,odd,54855
0xd354c,45,odd,54844
0xd354c,45,odd,54858
0xd354c,45,odd,54846
0xd354c,45,odd,54849
0xd354c,45,odd,54841
0xd354c,45,odd,54860
0xd354c,45,odd,54861
0xd354c,45,odd,54851
0xd354c,45,odd,54852
0xd354c,45,odd,54865
0xd426c,43,even,16146
0xd426c,43,even,16148
0xd426c,43,even,16149
0xd426c,43,even,16150
0xd426c,43,even,16151
0xd426c,43,even,16152
0xd426c,43,even,16153
0xd426c,43,even,16154
0xd426c,43,even,16155
0xd426c,43,even,16156
0xd426c,43,even,16157
0xd426c,43,even,16158
0xd426c,43,even,16159
0xd426c,43,even,16160
0xd426c,43,even,16161
0xd426c,43,even,16163
0xd426c,43,even,16164
0xd426c,43,even,16165
0xd426c,43,even,16166
0xd426c,43,even,16167
0xd426c,43,even,16168
0xd426c,43,even,16169
0xd426c,43,odd,58254
0xd426c,43,odd,58256
0xd426c,43,odd,58267
0xd426c,43,odd,58258
0xd426c,43,odd,58269
0xd426c,43,odd,58270
0xd426c,43,odd,58261
0xd426c,43,odd,58262
0xd426c,43,odd,58264
0xd426c,43,odd,58276
0xd426c,43,odd,58265
0xd426c,43,odd,58259
0xd426c,43,odd,58266
0xd426c,43,odd,58260
0xd426c,43,odd,58268
0xd426c,43,odd,58257
0xd426c,43,odd,58272
0xd426c,43,odd,58273
0xd426c,43,odd,58274
0xd426c,43,odd,58275
0xd426c,43,odd,58263
0xd48fc,43,even,16173
0xd48fc,43,even,16174
0xd48fc,43,even,16175
0xd48fc,43,even,16176
0xd48fc,43,even,16177
0xd48fc,43,even,16178
0xd48fc,43,even,16179
0xd48fc,43,even,16180
0xd48fc,43,even,16181
0xd48fc,43,even,16182
0xd48fc,43,even,16183
0xd48fc,43,even,16184
0xd48fc,43,even,16185
0xd48fc,43,even,16186
0xd48fc,43,even,16187
0xd48fc,43,even,16190
0xd48fc,43,even,16191
0xd48fc,43,even,16192
0xd48fc,43,even,16193
0xd48fc,43,even,16194
0xd48fc,43,even,16195
0xd48fc,43,even,16196
0xd48fc,43,odd,57937
0xd48fc,43,odd,57938
0xd48fc,43,odd,57939
0xd48fc,43,odd,57940
0xd48fc,43,odd,57941
0xd48fc,43,odd,57942
0xd48fc,43,odd,57943
0xd48fc,43,odd,57944
0xd48fc,43,odd,57945
0xd48fc,43,odd,57946
0xd48fc,43,odd,57947
0xd48fc,43,odd,57948
0xd48fc,43,odd,57949
0xd48fc,43,odd,57950
0xd48fc,43,odd,57951
0xd48fc,43,odd,57954
0xd48fc,43,odd,57955
0xd48fc,43,odd,57956
0xd48fc,43,odd,57957
0xd48fc,43,odd,57958
0xd48fc,43,odd,57959
0xd561c,45,even,16233
0xd561c,45,even,16234
0xd561c,45,even,16235
0xd561c,45,even,16236
0xd561c,45,even,16237
0xd561c,45,even,16238
0xd561c,45,even,16239
0xd561c,45,even,16240
0xd561c,45,even,16241
0xd561c,45,even,16242
0xd561c,45,even,16243
0xd561c,45,even,16244
0xd561c,45,even,16246
0xd561c,45,even,16247
0xd561c,45,even,16248
0xd561c,45,even,16249
0xd561c,45,even,16250
0xd561c,45,even,16251
0xd561c,45,even,16252
0xd561c,45,even,16253
0xd561c,45,even,16254
0xd561c,45,even,16255
0xd561c,45,even,16256
0xd561c,45,odd,58106
0xd561c,45,odd,58107
0xd561c,45,odd,58108
0xd561c,45,odd,58109
0xd561c,45,odd,58110
0xd561c,45,odd,58111
0xd561c,45,odd,58112
0xd561c,45,odd,58113
0xd561c,45,odd,58114
0xd561c,45,odd,58115
0xd561c,45,odd,58116
0xd561c,45,odd,58117
0xd561c,45,odd,58119
0xd561c,45,odd,58120
0xd561c,45,odd,58121
0xd561c,45,odd,58122
0xd561c,45,odd,58123
0xd561c,45,odd,58124
0xd561c,45,odd,58125
0xd561c,45,odd,58126
0xd561c,45,odd,58127
0xd561c,45,odd,58128
0xd633c,47,even,16283
0xd633c,47,even,16284
0xd633c,47,even,16285
0xd633c,47,even,16286
0xd633c,47,even,16287
0xd633c,47,even,16288
0xd633c,47,even,16289
0xd633c,47,even,16290
0xd633c,47,even,16291
0xd633c,47,even,16292
0xd633c,47,even,16293
0xd633c,47,even,16294
0xd633c,47,even,16295
0xd633c,47,even,16296
0xd633c,47,even,16297
0xd633c,47,even,16298
0xd633c,47,even,16299
0xd633c,47,even,16300
0xd633c,47,even,16301
0xd633c,47,even,16302
0xd633c,47,even,16303
0xd633c,47,even,16304
0xd633c,47,even,16305
0xd633c,47,even,16306
0xd633c,47,odd,58081
0xd633c,47,odd,58082
0xd633c,47,odd,58083
0xd633c,47,odd,58084
0xd633c,47,odd,58085
0xd633c,47,odd,58086
0xd633c,47,odd,58087
0xd633c,47,odd,58099
0xd633c,47,odd,58089
0xd633c,47,odd,58090
0xd633c,47,odd,58091
0xd633c,47,odd,58092
0xd633c,47,odd,58093
0xd633c,47,odd,58094
0xd633c,47,odd,58095
0xd633c,47,odd,58096
0xd633c,47,odd,58088
0xd633c,47,odd,58097
0xd633c,47,odd,58098
0xd633c,47,odd,58100
0xd633c,47,odd,58101
0xd633c,47,odd,58102
0xd633c,47,odd,58103
0xd705c,39,even,16334
0xd705c,39,even,16335
0xd705c,39,even,16336
0xd705c,39,even,16337
0xd705c,39,even,16339
0xd705c,39,even,16341
0xd705c,39,even,16343
0xd705c,39,even,16344
0xd705c,39,even,16345
0xd705c,39,even,16346
0xd705c,39,even,16347
0xd705c,39,even,16348
0xd705c,39,even,16349
0xd705c,39,even,16350
0xd705c,39,even,16351
0xd705c,39,even,16352
0xd705c,39,even,16354
0xd705c,39,even,16355
0xd705c,39,even,16356
0xd705c,39,even,16357
0xd705c,39,odd,58396
0xd705c,39,odd,58397
0xd705c,39,odd,58398
0xd705c,39,odd,58399
0xd705c,39,odd,58401
0xd705c,39,odd,58403
0xd705c,39,odd,58405
0xd705c,39,odd,58406
0xd705c,39,odd,58407
0xd705c,39,odd,58408
0xd705c,39,odd,58409
0xd705c,39,odd,58410
0xd705c,39,odd,58411
0xd705c,39,odd,58412
0xd705c,39,odd,58413
0xd705c,39,odd,58414
0xd705c,39,odd,58416
0xd705c,39,odd,58417
0xd705c,39,odd,58418
0xd76ec,42,even,16360
0xd76ec,42,even,16361
0xd76ec,42,even,16362
0xd76ec,42,even,16363
0xd76ec,42,even,16364
0xd76ec,42,even,16366
0xd76ec,42,even,16367
0xd76ec,42,even,16368
0xd76ec,42,even,16369
0xd76ec,42,even,16370
0xd76ec,42,even,16371
0xd76ec,42,even,16373
0xd76ec,42,even,16374
0xd76ec,42,even,16375
0xd76ec,42,even,16376
0xd76ec,42,even,16377
0xd76ec,42,even,16378
0xd76ec,42,even,16379
0xd76ec,42,even,16380
0xd76ec,42,even,16381
0xd76ec,42,even,16382
0xd76ec,42,odd,58279
0xd76ec,42,odd,58280
0xd76ec,42,odd,58281
0xd76ec,42,odd,58282
0xd76ec,42,odd,58283
0xd76ec,42,odd,58285
0xd76ec,42,odd,58286
0xd76ec,42,odd,58287
0xd76ec,42,odd,58288
0xd76ec,42,odd,58289
0xd76ec,42,odd,58290
0xd76ec,42,odd,58292
0xd76ec,42,odd,58293
0xd76ec,42,odd,58294
0xd76ec,42,odd,58295
0xd76ec,42,odd,58296
0xd76ec,42,odd,58297
0xd76ec,42,odd,58298
0xd76ec,42,odd,58299
0xd76ec,42,odd,58300
0xd76ec,42,odd,58301
0xd7d7c,46,even,16383
0xd7d7c,46,even,16384
0xd7d7c,46,even,16385
0xd7d7c,46,even,16386
0xd7d7c,46,even,16387
0xd7d7c,46,even,16388
0xd7d7c,46,even,16389
0xd7d7c,46,even,16390
0xd7d7c,46,even,16391
0xd7d7c,46,even,16392
0xd7d7c,46,even,16393
0xd7d7c,46,even,16394
0xd7d7c,46,even,16395
0xd7d7c,46,even,16396
0xd7d7c,46,even,16397
0xd7d7c,46,even,16398
0xd7d7c,46,even,16399
0xd7d7c,46,even,16400
0xd7d7c,46,even,16401
0xd7d7c,46,even,16402
0xd7d7c,46,even,16403
0xd7d7c,46,even,16404
0xd7d7c,46,even,16405
0xd7d7c,46,odd,58131
0xd7d7c,46,odd,58132
0xd7d7c,46,odd,58133
0xd7d7c,46,odd,58134
0xd7d7c,46,odd,58135
0xd7d7c,46,odd,58136
0xd7d7c,46,odd,58137
0xd7d7c,46,odd,58138
0xd7d7c,46,odd,58139
0xd7d7c,46,odd,58140
0xd7d7c,46,odd,58141
0xd7d7c,46,odd,58142
0xd7d7c,46,odd,58143
0xd7d7c,46,odd,58144
0xd7d7c,46,odd,58146
0xd7d7c,46,odd,58145
0xd7d7c,46,odd,58147
0xd7d7c,46,odd,58148
0xd7d7c,46,odd,58149
0xd7d7c,46,odd,58150
0xd7d7c,46,odd,58151
0xd7d7c,46,odd,58152
0xd7d7c,46,odd,58153
0xd840c,37,even,16406
0xd840c,37,even,16407
0xd840c,37,even,16411
0xd840c,37,even,16412
0xd840c,37,even,16413
0xd840c,37,even,16414
0xd840c,37,even,16415
0xd840c,37,even,16416
0xd840c,37,even,16418
0xd840c,37,even,16419
0xd840c,37,even,16420
0xd840c,37,even,16421
0xd840c,37,even,16422
0xd840c,37,even,16423
0xd840c,37,even,16424
0xd840c,37,even,16425
0xd840c,37,even,16427
0xd840c,37,even,16428
0xd840c,37,even,16429
0xd840c,37,odd,58058
0xd840c,37,odd,58059
0xd840c,37,odd,58063
0xd840c,37,odd,58064
0xd840c,37,odd,58065
0xd840c,37,odd,58066
0xd840c,37,odd,58067
0xd840c,37,odd,58068
0xd840c,37,odd,41493
0xd840c,37,odd,58071
0xd840c,37,odd,58072
0xd840c,37,odd,58073
0xd840c,37,odd,58074
0xd840c,37,odd,58075
0xd840c,37,odd,58076
0xd840c,37,odd,58077
0xd840c,37,odd,58079
0xd840c,37,odd,58080
0xd8a9c,35,even,16432
0xd8a9c,35,even,16435
0xd8a9c,35,even,16436
0xd8a9c,35,even,16437
0xd8a9c,35,even,16438
0xd8a9c,35,even,16439
0xd8a9c,35,even,16440
0xd8a9c,35,even,16441
0xd8a9c,35,even,16444
0xd8a9c,35,even,16445
0xd8a9c,35,even,16446
0xd8a9c,35,even,16447
0xd8a9c,35,even,16448
0xd8a9c,35,even,16449
0xd8a9c,35,even,16450
0xd8a9c,35,even,16451
0xd8a9c,35,even,16452
0xd8a9c,35,even,16454
0xd8a9c,35,odd,58181
0xd8a9c,35,odd,58184
0xd8a9c,35,odd,58185
0xd8a9c,35,odd,58186
0xd8a9c,35,odd,58187
0xd8a9c,35,odd,58188
0xd8a9c,35,odd,58189
0xd8a9c,35,odd,58190
0xd8a9c,35,odd,58193
0xd8a9c,35,odd,58194
0xd8a9c,35,odd,58195
0xd8a9c,35,odd,58196
0xd8a9c,35,odd,58197
0xd8a9c,35,odd,58198
0xd8a9c,35,odd,58199
0xd8a9c,35,odd,58200
0xd8a9c,35,odd,58201
0xd97bc,45,even,16485
0xd97bc,45,even,16486
0xd97bc,45,even,16487
0xd97bc,45,even,16488
0xd97bc,45,even,16489
0xd97bc,45,even,16490
0xd97bc,45,even,16491
0xd97bc,45,even,16492
0xd97bc,45,even,16493
0xd97bc,45,even,16494
0xd97bc,45,even,16495
0xd97bc,45,even,16496
0xd97bc,45,even,16497
0xd97bc,45,even,16498
0xd97bc,45,even,16499
0xd97bc,45,even,16500
0xd97bc,45,even,16501
0xd97bc,45,even,16502
0xd97bc,45,even,16503
0xd97bc,45,even,16504
0xd97bc,45,even,16506
0xd97bc,45,even,16507
0xd97bc,45,even,16508
0xd97bc,45,odd,57962
0xd97bc,45,odd,57963
0xd97bc,45,odd,57964
0xd97bc,45,odd,57965
0xd97bc,45,odd,57966
0xd97bc,45,odd,57967
0xd97bc,45,odd,57968
0xd97bc,45,odd,57969
0xd97bc,45,odd,57970
0xd97bc,45,odd,57971
0xd97bc,45,odd,57972
0xd97bc,45,odd,57973
0xd97bc,45,odd,57974
0xd97bc,45,odd,57975
0xd97bc,45,odd,57976
0xd97bc,45,odd,57977
0xd97bc,45,odd,57978
0xd97bc,45,odd,57979
0xd97bc,45,odd,57980
0xd97bc,45,odd,57981
0xd97bc,45,odd,57983
0xd97bc,45,odd,57984
0xd9e4c,31,even,16515
0xd9e4c,31,even,16517
0xd9e4c,31,even,16519
0xd9e4c,31,even,16520
0xd9e4c,31,even,16521
0xd9e4c,31,even,16522
0xd9e4c,31,even,16523
0xd9e4c,31,even,16524
0xd9e4c,31,even,16525
0xd9e4c,31,even,16526
0xd9e4c,31,even,16528
0xd9e4c,31,even,16529
0xd9e4c,31,even,16530
0xd9e4c,31,even,16531
0xd9e4c,31,even,16532
0xd9e4c,31,even,16533
0xd9e4c,31,odd,57985
0xd9e4c,31,odd,57987
0xd9e4c,31,odd,57989
0xd9e4c,31,odd,57990
0xd9e4c,31,odd,57991
0xd9e4c,31,odd,57992
0xd9e4c,31,odd,57993
0xd9e4c,31,odd,57994
0xd9e4c,31,odd,58007
0xd9e4c,31,odd,57996
0xd9e4c,31,odd,57998
0xd9e4c,31,odd,57999
0xd9e4c,31,odd,58000
0xd9e4c,31,odd,58001
0xd9e4c,31,odd,58002
0xd9ecc,13,even,16534
0xd9ecc,13,even,16535
0xd9ecc,13,even,16536
0xd9ecc,13,even,16537
0xd9ecc,13,even,16538
0xd9ecc,13,even,16539
0xd9ecc,13,even,16540
0xd9ecc,13,odd,57995
0xd9ecc,13,odd,58004
0xd9ecc,13,odd,58005
0xd9ecc,13,odd,58006
0xd9ecc,13,odd,43117
0xd9ecc,13,odd,45824
0xda4dc,43,even,16549
0xda4dc,43,even,16550
0xda4dc,43,even,16551
0xda4dc,43,even,16552
0xda4dc,43,even,16553
0xda4dc,43,even,16554
0xda4dc,43,even,16555
0xda4dc,43,even,16556
0xda4dc,43,even,16558
0xda4dc,43,even,16559
0xda4dc,43,even,16560
0xda4dc,43,even,16561
0xda4dc,43,even,16562
0xda4dc,43,even,16563
0xda4dc,43,even,16564
0xda4dc,43,even,16566
0xda4dc,43,even,16567
0xda4dc,43,even,16568
0xda4dc,43,even,16569
0xda4dc,43,even,16570
0xda4dc,43,even,16571
0xda4dc,43,even,16572
0xda4dc,43,odd,58010
0xda4dc,43,odd,58011
0xda4dc,43,odd,58012
0xda4dc,43,odd,58013
0xda4dc,43,odd,58014
0xda4dc,43,odd,58015
0xda4dc,43,odd,58016
0xda4dc,43,odd,58017
0xda4dc,43,odd,58019
0xda4dc,43,odd,58020
0xda4dc,43,odd,58021
0xda4dc,43,odd,58022
0xda4dc,43,odd,58023
0xda4dc,43,odd,58024
0xda4dc,43,odd,58025
0xda4dc,43,odd,58027
0xda4dc,43,odd,58028
0xda4dc,43,odd,58029
0xda4dc,43,odd,58030
0xda4dc,43,odd,58031
0xda4dc,43,odd,58032
0xdab6c,43,even,16580
0xdab6c,43,even,16581
0xdab6c,43,even,16583
0xdab6c,43,even,16584
0xdab6c,43,even,16585
0xdab6c,43,even,16586
0xdab6c,43,even,16587
0xdab6c,43,even,16588
0xdab6c,43,even,16589
0xdab6c,43,even,16590
0xdab6c,43,even,16591
0xdab6c,43,even,16593
0xdab6c,43,even,16594
0xdab6c,43,even,16595
0xdab6c,43,even,16596
0xdab6c,43,even,16597
0xdab6c,43,even,16598
0xdab6c,43,even,16599
0xdab6c,43,even,16600
0xdab6c,43,even,16601
0xdab6c,43,even,16602
0xdab6c,43,even,16603
0xdab6c,43,odd,58229
0xdab6c,43,odd,58230
0xdab6c,43,odd,58244
0xdab6c,43,odd,58233
0xdab6c,43,odd,58245
0xdab6c,43,odd,58235
0xdab6c,43,odd,58236
0xdab6c,43,odd,58237
0xdab6c,43,odd,58249
0xdab6c,43,odd,58239
0xdab6c,43,odd,58240
0xdab6c,43,odd,58242
0xdab6c,43,odd,58232
0xdab6c,43,odd,58243
0xdab6c,43,odd,58234
0xdab6c,43,odd,58246
0xdab6c,43,odd,58247
0xdab6c,43,odd,58248
0xdab6c,43,odd,58238
0xdab6c,43,odd,58250
0xdab6c,43,odd,58251
0xdb1fc,17,even,16613
0xdb1fc,17,even,16614
0xdb1fc,17,even,16615
0xdb1fc,17,even,16616
0xdb1fc,17,even,16617
0xdb1fc,17,even,16618
0xdb1fc,17,even,16619
0xdb1fc,17,even,16620
0xdb1fc,17,even,16621
0xdb1fc,17,odd,58348
0xdb1fc,17,odd,58349
0xdb1fc,17,odd,58350
0xdb1fc,17,odd,58351
0xdb1fc,17,odd,58352
0xdb1fc,17,odd,58353
0xdb1fc,17,odd,58354
0xdb1fc,17,odd,58355
0xdb244,29,even,16622
0xdb244,29,even,16623
0xdb244,29,even,16624
0xdb244,29,even,16625
0xdb244,29,even,16626
0xdb244,29,even,16627
0xdb244,29,even,16628
0xdb244,29,even,16629
0xdb244,29,even,16630
0xdb244,29,even,16631
0xdb244,29,even,16632
0xdb244,29,even,16633
0xdb244,29,even,16634
0xdb244,29,even,16635
0xdb244,29,even,16636
0xdb244,29,odd,58357
0xdb244,29,odd,58358
0xdb244,29,odd,58359
0xdb244,29,odd,58360
0xdb244,29,odd,58361
0xdb244,29,odd,58362
0xdb244,29,odd,58364
0xdb244,29,odd,58363
0xdb244,29,odd,58365
0xdb244,29,odd,58366
0xdb244,29,odd,58367
0xdb244,29,odd,58368
0xdb244,29,odd,58369
0xdb244,29,odd,58370
0xdbf1c,45,even,16670
0xdbf1c,45,even,16671
0xdbf1c,45,even,16672
0xdbf1c,45,even,16673
0xdbf1c,45,even,16674
0xdbf1c,45,even,16675
0xdbf1c,45,even,16676
0xdbf1c,45,even,16677
0xdbf1c,45,even,16679
0xdbf1c,45,even,16680
0xdbf1c,45,even,16681
0xdbf1c,45,even,16682
0xdbf1c,45,even,16683
0xdbf1c,45,even,16684
0xdbf1c,45,even,16685
0xdbf1c,45,even,16686
0xdbf1c,45,even,16687
0xdbf1c,45,even,16690
0xdbf1c,45,even,16691
0xdbf1c,45,even,16692
0xdbf1c,45,even,16693
0xdbf1c,45,even,16694
0xdbf1c,45,even,16695
0xdbf1c,45,odd,57891
0xdbf1c,45,odd,57892
0xdbf1c,45,odd,57893
0xdbf1c,45,odd,57894
0xdbf1c,45,odd,57895
0xdbf1c,45,odd,57896
0xdbf1c,45,odd,57897
0xdbf1c,45,odd,57898
0xdbf1c,45,odd,57900
0xdbf1c,45,odd,57901
0xdbf1c,45,odd,57902
0xdbf1c,45,odd,57903
0xdbf1c,45,odd,57904
0xdbf1c,45,odd,57905
0xdbf1c,45,odd,57906
0xdbf1c,45,odd,57907
0xdbf1c,45,odd,57908
0xdbf1c,45,odd,57911
0xdbf1c,45,odd,57912
0xdbf1c,45,odd,57913
0xdbf1c,45,odd,37343
0xdbf1c,45,odd,38509
0xdd2e4,37,even,16772
0xdd2e4,37,even,16774
0xdd2e4,37,even,16775
0xdd2e4,37,even,16776
0xdd2e4,37,even,16777
0xdd2e4,37,even,16778
0xdd2e4,37,even,16779
0xdd2e4,37,even,16781
0xdd2e4,37,even,16782
0xdd2e4,37,even,16783
0xdd2e4,37,even,16784
0xdd2e4,37,even,16785
0xdd2e4,37,even,16786
0xdd2e4,37,even,16787
0xdd2e4,37,even,16788
0xdd2e4,37,even,16789
0xdd2e4,37,even,16790
0xdd2e4,37,even,16791
0xdd2e4,37,even,16792
0xdd2e4,37,odd,58036
0xdd2e4,37,odd,58038
0xdd2e4,37,odd,58039
0xdd2e4,37,odd,33633
0xdd2e4,37,odd,58041
0xdd2e4,37,odd,58042
0xdd2e4,37,odd,58043
0xdd2e4,37,odd,58045
0xdd2e4,37,odd,58177
0xdd2e4,37,odd,55962
0xdd2e4,37,odd,58048
0xdd2e4,37,odd,58049
0xdd2e4,37,odd,58050
0xdd2e4,37,odd,58051
0xdd2e4,37,odd,41665
0xdd2e4,37,odd,55702
0xdd2e4,37,odd,55531
0xdd2e4,37,odd,58055
0xdd37c,11,even,16793
0xdd37c,11,even,16795
0xdd37c,11,even,16796
0xdd37c,11,even,16797
0xdd37c,11,even,16798
0xdd37c,11,even,16207
0xdd37c,11,odd,55958
0xdd37c,11,odd,55963
0xdd37c,11,odd,58047
0xdd37c,11,odd,32159
0xdd37c,11,odd,55961
0xdd96c,11,even,16801
0xdd96c,11,even,16803
0xdd96c,11,even,16804
0xdd96c,11,even,16805
0xdd96c,11,even,16808
0xdd96c,11,even,16810
0xdd96c,11,odd,58208
0xdd96c,11,odd,58210
0xdd96c,11,odd,58213
0xdd96c,11,odd,58212
0xdd96c,11,odd,58215
0xdd99c,27,even,16811
0xdd99c,27,even,16812
0xdd99c,27,even,16813
0xdd99c,27,even,16814
0xdd99c,27,even,16816
0xdd99c,27,even,16817
0xdd99c,27,even,16818
0xdd99c,27,even,16819
0xdd99c,27,even,16820
0xdd99c,27,even,16821
0xdd99c,27,even,16822
0xdd99c,27,even,16823
0xdd99c,27,even,16824
0xdd99c,27,even,16825
0xdd99c,27,odd,58218
0xdd99c,27,odd,58219
0xdd99c,27,odd,58220
0xdd99c,27,odd,58221
0xdd99c,27,odd,58222
0xdd99c,27,odd,56102
0xdd99c,27,odd,58225
0xdd99c,27,odd,58226
0xdd99c,27,odd,55660
0xdd99c,27,odd,56057
0xdd99c,27,odd,55716
0xdd99c,27,odd,43394
0xdd99c,27,odd,56042
0xded0c,37,even,16888
0xded0c,37,even,16889
0xded0c,37,even,16890
0xded0c,37,even,16891
0xded0c,37,even,16892
0xded0c,37,even,16893
0xded0c,37,even,16895
0xded0c,37,even,16896
0xded0c,37,even,16897
0xded0c,37,even,16898
0xded0c,37,even,16899
0xded0c,37,even,16900
0xded0c,37,even,16901
0xded0c,37,even,16902
0xded0c,37,even,16903
0xded0c,37,even,16906
0xded0c,37,even,16907
0xded0c,37,even,16908
0xded0c,37,even,16909
0xded0c,37,odd,57914
0xded0c,37,odd,57915
0xded0c,37,odd,57916
0xded0c,37,odd,57917
0xded0c,37,odd,57918
0xded0c,37,odd,56038
0xded0c,37,odd,56099
0xded0c,37,odd,57922
0xded0c,37,odd,55960
0xded0c,37,odd,57924
0xded0c,37,odd,57925
0xded0c,37,odd,56150
0xded0c,37,odd,55918
0xded0c,37,odd,57928
0xded0c,37,odd,55646
0xded0c,37,odd,56260
0xded0c,37,odd,57933
0xded0c,37,odd,55668
0xdfa2c,11,even,16951
0xdfa2c,11,even,16952
0xdfa2c,11,even,16954
0xdfa2c,11,even,16955
0xdfa2c,11,even,16956
0xdfa2c,11,even,16957
0xdfa2c,11,odd,58156
0xdfa2c,11,odd,58169
0xdfa2c,11,odd,58159
0xdfa2c,11,odd,58160
0xdfa2c,11,odd,58161
0xdfa5c,33,even,16958
0xdfa5c,33,even,16959
0xdfa5c,33,even,16960
0xdfa5c,33,even,16961
0xdfa5c,33,even,16962
0xdfa5c,33,even,16964
0xdfa5c,33,even,16965
0xdfa5c,33,even,16966
0xdfa5c,33,even,16967
0xdfa5c,33,even,16968
0xdfa5c,33,even,16970
0xdfa5c,33,even,16971
0xdfa5c,33,even,16973
0xdfa5c,33,even,16974
0xdfa5c,33,even,16975
0xdfa5c,33,even,16976
0xdfa5c,33,even,16977
0xdfa5c,33,odd,58163
0xdfa5c,33,odd,58164
0xdfa5c,33,odd,58165
0xdfa5c,33,odd,58166
0xdfa5c,33,odd,55843
0xdfa5c,33,odd,56068
0xdfa5c,33,odd,58170
0xdfa5c,33,odd,57936
0xdfa5c,33,odd,56185
0xdfa5c,33,odd,55988
0xdfa5c,33,odd,58175
0xdfa5c,33,odd,58176
0xdfa5c,33,odd,58178
0xdfa5c,33,odd,56117
0xdfa5c,33,odd,58162
0xdfa5c,33,odd,44023
0xe00bc,15,even,16978
0xe00bc,15,even,16979
0xe00bc,15,even,16980
0xe00bc,15,even,16982
0xe00bc,15,even,16983
0xe00bc,15,even,16984
0xe00bc,15,even,16985
0xe00bc,15,even,16986
0xe00bc,15,odd,58302
0xe00bc,15,odd,58303
0xe00bc,15,odd,58304
0xe00bc,15,odd,58346
0xe00bc,15,odd,58307
0xe00bc,15,odd,58308
0xe00bc,15,odd,58309
0xe00fc,32,even,16987
0xe00fc,32,even,16988
0xe00fc,32,even,16989
0xe00fc,32,even,16990
0xe00fc,32,even,16992
0xe00fc,32,even,16994
0xe00fc,32,even,16996
0xe00fc,32,even,16997
0xe00fc,32,even,16998
0xe00fc,32,even,16999
0xe00fc,32,even,17000
0xe00fc,32,even,17002
0xe00fc,32,even,17003
0xe00fc,32,even,17005
0xe00fc,32,even,16162
0xe00fc,32,even,19066
0xe00fc,32,odd,58311
0xe00fc,32,odd,57927
0xe00fc,32,odd,58313
0xe00fc,32,odd,55822
0xe00fc,32,odd,58316
0xe00fc,32,odd,58318
0xe00fc,32,odd,58320
0xe00fc,32,odd,57934
0xe00fc,32,odd,58322
0xe00fc,32,odd,58323
0xe00fc,32,odd,58324
0xe00fc,32,odd,58173
0xe00fc,32,odd,42247
0xe00fc,32,odd,56223
0xe00fc,32,odd,58271
0xe00fc,32,odd,52994
0xe074c,43,even,17006
0xe074c,43,even,17007
0xe074c,43,even,17008
0xe074c,43,even,17009
0xe074c,43,even,17010
0xe074c,43,even,17011
0xe074c,43,even,17012
0xe074c,43,even,17013
0xe074c,43,even,17015
0xe074c,43,even,17016
0xe074c,43,even,17017
0xe074c,43,even,17018
0xe074c,43,even,17019
0xe074c,43,even,17020
0xe074c,43,even,17021
0xe074c,43,even,17022
0xe074c,43,even,17023
0xe074c,43,even,17025
0xe074c,43,even,17026
0xe074c,43,even,17027
0xe074c,43,even,17028
0xe074c,43,even,17029
0xe074c,43,odd,58325
0xe074c,43,odd,58326
0xe074c,43,odd,58342
0xe074c,43,odd,58328
0xe074c,43,odd,56049
0xe074c,43,odd,58330
0xe074c,43,odd,58331
0xe074c,43,odd,55956
0xe074c,43,odd,56161
0xe074c,43,odd,58335
0xe074c,43,odd,58334
0xe074c,43,odd,58337
0xe074c,43,odd,56191
0xe074c,43,odd,58339
0xe074c,43,odd,58340
0xe074c,43,odd,58341
0xe074c,43,odd,55863
0xe074c,43,odd,56233
0xe074c,43,odd,58332
0xe074c,43,odd,57930
0xe074c,43,odd,58347
0xeb87c,47,even,17861
0xeb87c,47,even,17862
0xeb87c,47,even,17863
0xeb87c,47,even,17864
0xeb87c,47,even,17865
0xeb87c,47,even,17866
0xeb87c,47,even,17867
0xeb87c,47,even,17868
0xeb87c,47,even,17869
0xeb87c,47,even,17870
0xeb87c,47,even,17871
0xeb87c,47,even,17872
0xeb87c,47,even,17873
0xeb87c,47,even,17874
0xeb87c,47,even,17875
0xeb87c,47,even,17876
0xeb87c,47,even,17877
0xeb87c,47,even,17878
0xeb87c,47,even,17879
0xeb87c,47,even,17880
0xeb87c,47,even,17881
0xeb87c,47,even,17882
0xeb87c,47,even,17883
0xeb87c,47,even,17305
0xeb87c,47,odd,55096
0xeb87c,47,odd,55097
0xeb87c,47,odd,55098
0xeb87c,47,odd,55110
0xeb87c,47,odd,55100
0xeb87c,47,odd,55101
0xeb87c,47,odd,55102
0xeb87c,47,odd,55103
0xeb87c,47,odd,55104
0xeb87c,47,odd,55105
0xeb87c,47,odd,55106
0xeb87c,47,odd,53400
0xeb87c,47,odd,55107
0xeb87c,47,odd,55099
0xeb87c,47,odd,55108
0xeb87c,47,odd,55109
0xeb87c,47,odd,55111
0xeb87c,47,odd,55112
0xeb87c,47,odd,53398
0xeb87c,47,odd,55113
0xeb87c,47,odd,53399
0xeb87c,47,odd,55114
0xeb87c,47,odd,55115
0xebf0c,47,even,17884
0xebf0c,47,even,17885
0xebf0c,47,even,17886
0xebf0c,47,even,17887
0xebf0c,47,even,17888
0xebf0c,47,even,17889
0xebf0c,47,even,17890
0xebf0c,47,even,17891
0xebf0c,47,even,17892
0xebf0c,47,even,17893
0xebf0c,47,even,17894
0xebf0c,47,even,17895
0xebf0c,47,even,17896
0xebf0c,47,even,17897
0xebf0c,47,even,17898
0xebf0c,47,even,17899
0xebf0c,47,even,17900
0xebf0c,47,even,17901
0xebf0c,47,even,17902
0xebf0c,47,even,17903
0xebf0c,47,even,17904
0xebf0c,47,even,17905
0xebf0c,47,even,17906
0xebf0c,47,even,17485
0xebf0c,47,odd,52969
0xebf0c,47,odd,52970
0xebf0c,47,odd,52971
0xebf0c,47,odd,52972
0xebf0c,47,odd,52973
0xebf0c,47,odd,52974
0xebf0c,47,odd,52975
0xebf0c,47,odd,52976
0xebf0c,47,odd,52977
0xebf0c,47,odd,52978
0xebf0c,47,odd,52979
0xebf0c,47,odd,52980
0xebf0c,47,odd,52981
0xebf0c,47,odd,52982
0xebf0c,47,odd,52983
0xebf0c,47,odd,53473
0xebf0c,47,odd,52984
0xebf0c,47,odd,53478
0xebf0c,47,odd,52985
0xebf0c,47,odd,52986
0xebf0c,47,odd,52987
0xebf0c,47,odd,52988
0xebf0c,47,odd,53479
0xec59c,46,even,17907
0xec59c,46,even,17908
0xec59c,46,even,17909
0xec59c,46,even,17910
0xec59c,46,even,17911
0xec59c,46,even,17912
0xec59c,46,even,17913
0xec59c,46,even,17914
0xec59c,46,even,17915
0xec59c,46,even,17916
0xec59c,46,even,17917
0xec59c,46,even,17918
0xec59c,46,even,17919
0xec59c,46,even,17920
0xec59c,46,even,17921
0xec59c,46,even,17922
0xec59c,46,even,17923
0xec59c,46,even,17924
0xec59c,46,even,17925
0xec59c,46,even,17926
0xec59c,46,even,17927
0xec59c,46,even,17928
0xec59c,46,even,17929
0xec59c,46,odd,52317
0xec59c,46,odd,52318
0xec59c,46,odd,52319
0xec59c,46,odd,52320
0xec59c,46,odd,52321
0xec59c,46,odd,52322
0xec59c,46,odd,52323
0xec59c,46,odd,52324
0xec59c,46,odd,52325
0xec59c,46,odd,52327
0xec59c,46,odd,52326
0xec59c,46,odd,52328
0xec59c,46,odd,53377
0xec59c,46,odd,52302
0xec59c,46,odd,52329
0xec59c,46,odd,52330
0xec59c,46,odd,52331
0xec59c,46,odd,52332
0xec59c,46,odd,55144
0xec59c,46,odd,55145
0xec59c,46,odd,52310
0xec59c,46,odd,55146
0xec59c,46,odd,55147
0xedffc,8,even,16100
0xedffc,8,even,16089
0xedffc,8,even,17954
0xedffc,8,even,16982
0xedffc,8,odd,54846
0xedffc,8,odd,54847
0xedffc,8,odd,41849
0xedffc,8,odd,58346
0xee6d4,9,even,11049
0xee6d4,9,even,11329
0xee6d4,9,even,11195
0xee6d4,9,even,11454
0xee6d4,9,even,11044
0xee6d4,9,odd,43590
0xee6d4,9,odd,46981
0xee6d4,9,odd,40911
0xee6d4,9,odd,30199
0xf3bf4,10,even,18115
0xf3bf4,10,even,18116
0xf3bf4,10,even,16076
0xf3bf4,10,even,18118
0xf3bf4,10,even,18112
0xf3bf4,10,odd,59143
0xf3bf4,10,odd,39960
0xf3bf4,10,odd,54838
0xf3bf4,10,odd,59142
0xf3bf4,10,odd,57376
0x10fa1c,8,even,13368
0x10fa1c,8,even,13134
0x10fa1c,8,even,13252
0x10fa1c,8,even,13322
0x10fa1c,8,odd,35085
0x10fa1c,8,odd,46010
0x10fa1c,8,odd,58445
0x10fa1c,8,odd,33555
